year,points
1.0,0.1433671314751497
2.0,0.5778790297144359
3.0,0.9975777757305933
4.0,1.6971643564928935
5.0,3.5668962839055904
6.0,5.718361754577996
7.0,7.385939051291709
8.0,3.540926828012873
9.0,16.697576443526017
10.0,7.796826874530888
11.0,18.606448366968856
12.0,19.38089498415154
13.0,18.74326455207015
14.0,10.909729652660475
15.0,15.870157612215301
16.0,39.409675771088814
17.0,77.80507049220876
18.0,22.550535634814672
19.0,39.8779811835297
20.0,57.069252077562325